Post ID,Link,Author,Published Date,Format,Caption,Reactions,Comment Count,Share Count,Hashtags
adw-001,https://www.linkedin.com/posts/adswerve_adw-001,Adswerve,2026-08-24,text,"3 quick wins for your GA4 migration before Q4 reporting season.",95,14,6,#GA4;#Analytics
brad-001,https://www.linkedin.com/posts/bradjackson_brad-001,Brad Jackson,2026-08-25,text,"Culture isn't a slide in a deck - it's what happens when no one's watching.",340,45,12,
adw-002,https://www.linkedin.com/posts/adswerve_adw-002,Adswerve,2026-09-01,video,"We broke down the exact GA4 + server-side tagging setup that cut our client's data loss by 40%. Full walkthrough inside.",4200,380,510,#GA4;#ServerSideTagging;#Analytics
acn-002,https://www.linkedin.com/posts/accenture_acn-002,Accenture,2026-09-02,document,"Our new Life Trends 2027 report is here - what's shaping consumer behavior next year.",1650,140,95,#LifeTrends
del-002,https://www.linkedin.com/posts/deloitte_del-002,Deloitte,2026-09-03,video,"Inside Deloitte's approach to agentic AI in enterprise workflows.",2100,190,130,#AgenticAI
kpmg-001,https://www.linkedin.com/posts/kpmg_kpmg-001,KPMG,2026-09-02,image,"Tax policy is shifting fast. Here's what CFOs need to watch this quarter.",610,55,30,#TaxPolicy
pwc-001,https://www.linkedin.com/posts/pwc_pwc-001,PwC,2026-09-01,article,"Our 2026 CEO survey: confidence is up, but talent concerns remain.",980,90,48,#CEOSurvey
insight-001,https://www.linkedin.com/posts/insight_insight-001,Insight Enterprises,2026-09-03,text,"Cloud cost optimization doesn't have to mean cutting capability. Here's our framework.",240,20,10,#CloudCost
apply-001,https://www.linkedin.com/posts/applydigital_apply-001,Apply Digital,2026-09-02,image,"Composable commerce isn't a buzzword - it's how our clients are shipping faster.",310,28,14,#ComposableCommerce
brad-002,https://www.linkedin.com/posts/bradjackson_brad-002,Brad Jackson,2026-09-03,text,"The best consultants I know ask better questions, not give faster answers.",410,52,18,
ali-001,https://www.linkedin.com/posts/alialkhafaji_ali-001,Ali Alkhafaji,2026-09-02,text,"Composable isn't about the tech stack. It's about how fast your team can learn from real usage.",290,31,11,#ComposableCommerce
johnwalsh-001,https://www.linkedin.com/posts/johnfwalsh_johnwalsh-001,John F. Walsh,2026-09-01,text,"Every transformation program fails for the same three reasons. None of them are technology.",560,64,29,#Transformation
timwalsh-001,https://www.linkedin.com/posts/timwalsh_timwalsh-001,Tim Walsh,2026-09-02,image,"Attribution modeling is broken for most B2B marketers. Here's the fix we're using with clients.",175,19,8,#Attribution
javier-001,https://www.linkedin.com/posts/javierarenas_javier-001,Javier Arenas,2026-09-03,text,"AI won't replace strategists. Strategists who use AI will replace strategists who don't.",890,110,72,#AI;#Strategy
